1,Default,tcamps,11301059,1,f
13,"Vuln Test <script>console.error('"XSS!'")</script>",tcamps,11301059,1,t
14,Escaping,tcamps,11301059,1,t
15,Test,tcamps,2084670,4,f
16,Test,SiD.,1536262,4,f
17,Test,d%D0%BEdinh%D0%BE,1970865,4,f
18,Test Kat,d%D0%BEdinh%D0%BE,1970865,4,f
19,NB,Bodyguard,11457627,5,f
20,Croatian,Lovre,11467915,1,f
21,My New Translation,Lovre,11467915,1,f
22,Default,Lovre,11467915,1,f
23,NB,Prins.K,11457968,5,f
24,Swedish translation,XellleX,11474606,7,f
25,Swedish translation,XouZ,11443874,7,f
27,Default,danielmota8,1587556,11,f
48,Default,Black+Dread,731920,11,f
28,Official Swedish Translation,yllevante,11458366,7,f
30,Swedish translation,Dirty+Harry,11457476,7,f
31,Swedish translation,challe2,11487201,7,f
32,Default,PhilipsNostrum,2922459,11,f
43,Default,Salsa.Rx,1281859,11,f
26,Nederlands - Sophie,Shinko+to+Kuma,11311321,8,f
34,Default,-+Gryistoski,3133273,11,f
35,Nederlands - Sophie,vitality11,487941714,8,f
36,Default,salazarvaivoscomer,2813934,11,f
44,My New Translation,Salsa.Rx,1281859,11,f
45,Default,Who+Am+I%3F,3102953,11,f
39,v2,salazarvaivoscomer,2813934,11,f
49,Default,Mr.+Brownstone,2196314,11,f
41,Default,synalves10,2786189,11,f
33,Nederlands - VIT,Mogusa,487883086,8,f
51,My New Translation,velonam,9942263,3,f
52,Lodi94's translation,lodi94,440560,13,f
53,Lodi94's translation,sarchiapone,571551,13,f
54,Lodi94's translation,darkhawk,5757,13,f
55,Swedish translation,Herre+Bombardemang,11520189,7,f
56,Swedish translation Brian9358,Herre+Bombardemang,11520189,7,f
57,Swedishh translation,Herre+Bombardemang,11520189,7,f
59,Default,ZRIMIR,11382201,1,f
61,Μετάφραση στα Ελληνικά,Equalizer,7725270,14,f
62,Μετάφραση στα Ελληνικά,AForAim,7796546,14,f
63,My New Translation,SirGuedes,485011,11,f
64,Μετάφραση στα Ελληνικά,apoelara98,7792055,14,f
65,Μετάφραση στα Ελληνικά,%CE%9C%CE%91%CE%A5%CE%A1%CE%91%CE%93%CE%9F%CE%A1%CE%99%CE%A4%CE%97%CE%A3,7792504,14,f
66,Μετάφραση στα Ελληνικά,Ic3maN,7712823,14,f
67,Μετάφραση στα Ελληνικά,Biancoverde9,772639,14,f
68,My New Translation,PHYCHO,7796668,14,f
69,Constantine88,Constantine88,7771447,14,f
70,My New constantine88,Constantine88,7771447,14,f
71,Μετάφραση στα Ελληνικά,vagos19981,748430,14,f
72,My New Translation,sirSancho,3150283,11,f
73,Croatian - Unfinished,Storm1941,11491976,6,f
75,Default,Velozes+e+Furiosos,7576357,11,f
76,Μετάφραση στα Ελληνικά,tomaraya,683337,14,f
79,70,Vminas,504265,11,f
78,420,OptiFine,2296198,11,f
80,(em progresso),18roberto,1934736,11,f
81,Official Swedish Translation,Shinko+to+Kuma,11311321,7,f
82,My New Translation,Tedy,11552067,3,f
83,Viperone10's translation,Viperone10,1047190,13,f
84,My New Translation,Viperone10,1047190,13,f
85,https://postimg.cc/QHHMDXgk,brucee,250807,13,f
86,https://postimg.cc/QHHMDXgk,msdil2,787509,13,f
87,7trash,7trash,3169818,11,f
88,Default,Hellstr%C3%B8m,11563419,1,f
89,My New Translation,Hellstr%C3%B8m,11563419,1,f
91,Nederlands - Sophie,Drie+Muskebiers,911980,8,f
92,Default,FireFox..,1990115,1,f
93,Translated By Barrak,e7sas+wa7d,780558,1,f
94,Kustela,LordKustela,918886015,1,f
97,My New Translation,luankingss,919505778,12,f
98,Kustela,Urso+Assassino,919315982,11,f
99,Glauco,Urso+Assassino,919315982,11,f
100,other,Hellstr%C3%B8m,11563419,5,f
58,*kronus*'s translation,%2AKronus%2A,1035564,13,f
101,My New Translation,inferno,11515257,1,f
96,Kustela,LordKustela,918886015,12,f
102,Default,Suicide+Squad,11436003,1,f
113,Slovenščina,THE+GOD+OF+PENETRATION,11515281,3,f
108,Slovenscina01,-Freedom%2A,11588601,3,f
109,Slovenščina,lukainjakaa,11429076,3,f
111,Slovenscina01,THE+GOD+OF+PENETRATION,11515281,3,f
112,My New Translation,THE+GOD+OF+PENETRATION,11515281,1,f
114,Default,Playmate,9284626,1,f
115,Urdu,saad748,8910960,1,f
116,Lodi94's translation,iNcUbO,1607,13,f
129,SAD v2,Jaro,1192888,16,f
120,Oficiálny slovenský preklad,MatthewFOX,290,15,f
123,Test,tcamps,11301059,15,f
125,Slim ongoing translation,Slim,2078648,16,f
126,SAD,Jaro,1192888,16,f
127,SAD,Slim,2078648,16,f
128,SAD v2,Slim,2078648,16,f
130,My New Translation,Thomerio,848901595,5,f
133,Official Swedish Translation,Labiza,848897945,7,f
134,Slovenščina - All In game translations - ta pomembne :),GoldPhoenix,11382142,3,f
135,Default,rdmr97,3109971,11,f
136,100% TRADUZIDO,rdmr97,3109971,11,f
137,100% TRADUZIDO,Estaculz,848860179,11,f
138,My New Translation,Getafuen,11489779,16,f
139,SAD,Getafuen,11489779,16,f
141,SAD v2,kurcha,11490201,16,f
142,My New Translation,Triunvirato,11489850,16,f
144,Diogo Rocha,soucatolico,848867354,11,f
146,PT-PT,CHECK+MATE,2630619,11,f
147,Kustela,Oliver+Tsubasa,919613340,12,f
148,My New Translation,KAYOSA,848934365,11,f
151,Default,tcamps,11301059,11,f
152,Traduzido a 100% ,yake,785864,11,f
153,Nederlands - Sophie,Nukes+R+Us,11335882,8,f
154,My New Translation,Nukes+R+Us,11335882,8,f
155,Default,OSCMIKE,2911344,11,f
159,My New Translation,BadMax,848977479,6,f
160,Swedish translation,Rivve,11454846,7,f
161,Mauriz,mauriz90,1094235,13,f
162,Diogo Rocha,fabado,159151,11,f
164,Croatian - Unfinished,Muhammad+Ali,11435646,6,f
165,Default,Muhammad+Ali,11435646,1,f
163,عربي,ausalasbahi,1664914,17,f
166,Traduzido a 100% ,diogocabo1,2703714,11,f
168,100%(com fix),LordJC,2994192,11,f
169,Default,kalapo,1542123,11,f
170,Traduzido a 100% ,kalapo,1542123,11,f
172,عربي,AboHagos,1664119,17,f
171,Helt enkelt den bästa,Wrongway,11245736,7,f
173,Rorövovarorsospoproråkoketot,Wrongway,11245736,7,f
174,My New Translation,BR-Medeiros,8104129,11,f
175,Kustela,snaide,918751089,12,f
176,Kustela,CoronelWeber,7728134,12,f
177,Kustela,General+of+Shadow,919129533,12,f
178,My New Translation,General+of+Shadow,919129533,12,f
179,My New Translation,F+A+V+E+L+A,11534720,11,f
180,SAD v2,VanFanel157,940000,16,f
