1,numIncs,29
2,numDone,67
3,numTotal,67
4,numFailed,67
6,nukesRequired,89
7,morale,89
8,lossPercent,89
9,numNukes,141
5,duration,125
10,duration,147
11,tribeName,172
12,playerName,202
13,playerName,203
14,playerName,204
15,playerName,205
16,tribeName,231
20,numTimings,314
21,numNukes,314
22,numShown,314
23,numDone,360
24,numTotal,360
25,numFailed,360
26,numCommands,362
27,numDone,363
28,numTotal,363
29,numFailed,363
30,numDone,365
31,numTotal,365
32,numFailed,365
33,numIncomings,367
34,numDone,370
35,numTotal,370
36,numOld,376
37,numDone,378
38,numTotal,378
39,numFailed,378
40,numTotal,380
41,numDone,380
42,numFailed,380
43,numNobles,388
44,numVillages,389
45,numVillages,393
46,oldLoyalty,435
47,newLoyalty,435
50,dataType,441
51,time,449
52,time,450
53,time,451
54,date,451
55,date,452
56,time,452
57,hour,453
58,minute,453
59,second,453
60,day,453
61,month,453
62,year,453
63,numDone,462
64,numTotal,462
65,numFailed,462
66,playerName,463
67,playerName,464
68,playerName,465
69,playerName,466
70,playerName,467
71,oldPlayer,468
72,newPlayer,468
73,playerName,469
74,playerName,470
75,playerName,471
76,playerName,472
77,playerName,473
78,playerName,474
79,oldAdmin,474
80,newAdmin,474
81,playerName,475
82,playerName,476
83,name,521
84,author,521
85,keyName,525
86,parameters,525
87,name,529
88,name,534
89,day,538
90,month,538
91,year,538
92,oldLevel,540
93,newLevel,540
94,buildingName,541
95,oldLevel,541
96,newLevel,541
97,adminName,473
98,millisecond,453
99,numCats,544
100,maxPop,544
