139,TAB_SEND_STACKS,f,Tabs,
301,TAB_TOOLS,f,Tabs,
302,TAB_FAKE_SCRIPT,f,Tabs,
315,TAB_FIND_BACKTIMES,f,Tabs,
327,TAB_UPLOAD,f,Tabs,
134,ACTIONS_SNIPES_NONE,f,Actions,
135,ACTIONS_SNIPES_DESCRIPTION,f,Actions,
136,ACTIONS_SNIPES_NUM_NOBLES,f,Actions,
140,ACTIONS_STACKS_NONE,f,Actions,
141,ACTIONS_STACKS_EATABLE_NUKES,f,Actions,
159,ACTIONS_QUICK_SUPPORT_DESCRIPTION,f,Actions,
160,ACTIONS_QUICK_SUPPORT_SETTINGS_1,f,Actions,
161,ACTIONS_QUICK_SUPPORT_SETTINGS_2,f,Actions,
162,ACTIONS_QUICK_SUPPORT_SETTINGS_3,f,Actions,
166,ACTIONS_REQUEST_STACK_DESCRIPTION,f,Actions,
167,ACTIONS_REQUEST_STACK_SETTINGS_1,f,Actions,
168,ACTIONS_REQUEST_STACK_SETTINGS_2,f,Actions,
169,ACTIONS_REQUEST_STACK_SETTINGS_3,f,Actions,
206,ADMIN_TRIBE_STATS_25%_NUKES,f,Admin,
207,ADMIN_TRIBE_STATS_50%_NUKES,f,Admin,
208,ADMIN_TRIBE_STATS_75%_NUKES,f,Admin,
209,ADMIN_TRIBE_STATS_TOTAL_FULL_NUKES,f,Admin,
210,ADMIN_TRIBE_STATS_TOTAL_NOBLES,f,Admin,
464,ADMIN_LOG_REVOKED_PRIVELEGES_FOR,f,Admin,
465,ADMIN_LOG_GAVE_PRIVELEGES_TO,f,Admin,
466,ADMIN_LOG_RE_ENABLED_KEY_FOR,f,Admin,
467,ADMIN_LOG_DISABLED_KEY_FOR,f,Admin,
468,ADMIN_LOG_CHANGED_KEY_OWNER,f,Admin,
469,ADMIN_LOG_SET_READ_ONLY,f,Admin,
470,ADMIN_LOG_REMOVED_READ_ONLY,f,Admin,
471,ADMIN_LOG_CHANGED_SERVER,f,Admin,
472,ADMIN_LOG_CLEARED_ADMIN,f,Admin,
473,ADMIN_LOG_ASSIGNED_ADMIN,f,Admin,
474,ADMIN_LOG_CHANGED_ADMIN,f,Admin,
475,ADMIN_LOG_UNKNOWN_CHANGE,f,Admin,
476,ADMIN_LOG_DELETED_KEY,f,Admin,
478,ADMIN_PLAYER_NOT_FOUND_NAME,f,Admin,
477,ADMIN_PLAYER_NOT_FOUND_ID,f,Admin,
479,ADMIN_PLAYER_NAME_NOT_SET,f,Admin,
480,ADMIN_PLAYER_NOT_IN_TRIBE,f,Admin,
481,ADMIN_PLAYER_HAS_KEY,f,Admin,
482,ADMIN_INVALID_KEY,f,Admin,
483,ADMIN_KEY_NOT_FOUND,f,Admin,
484,ADMIN_DELETE_OWN_KEY,f,Admin,
485,ADMIN_DELETE_OTHER_ADMIN,f,Admin,
486,ADMIN_CHANGE_OWN_KEY,f,Admin,
487,ADMIN_CHANGE_OTHER_ADMIN,f,Admin,
137,LANDS_AT,f,Time,
345,INCOMINGS,f,General,
347,COMMANDS,f,General,
439,TRIGGERED_CAPTCHA,f,General,
440,IS_IN_GROUP,f,General,
441,FILTER_APPLIED,f,General,
560,MAP_SETTINGS_OVERLAY_SHOW_TARGET_NUM_NUKES,f,Map,
489,OFFENSE,f,General,
371,REPORTS_CHECK_UPLOADED,f,Uploads,
372,REPORTS_LA_NOT_FOUND,f,Uploads,
374,REPORTS_FILTERING_LA,f,Uploads,
375,REPORTS_LA_ERROR,f,Uploads,
376,REPORTS_SKIPPED_OLD,f,Uploads,
377,REPORTS_ERROR_CHECK_OLD,f,Uploads,
378,REPORTS_FINISHED,f,Uploads,
379,REPORTS_NONE_NEW,f,Uploads,
380,REPORTS_PROGRESS,f,Uploads,
381,TROOPS_COLLECTING_PAGES,f,Uploads,
382,TROOPS_FIND_ACADEMY,f,Uploads,
383,TROOPS_NO_ACADEMY,f,Uploads,
384,TROOPS_FIND_POSSIBLE_NOBLES,f,Uploads,
385,TROOPS_FIND_SUPPORT,f,Uploads,
386,TROOPS_COLLECTING_SUPPORT,f,Uploads,
387,TROOPS_ERROR_FINDING_ACADEMY,f,Uploads,
58,TAG_SELECTED,f,Tagging,
390,TROOPS_ERROR_GETTING_NOBLES,f,Uploads,
391,TROOPS_UPLOADING,f,Uploads,
392,UPLOAD_ERROR,f,Uploads,
393,TROOPS_FINISHED,f,Uploads,
394,TROOPS_UPLOADING_SUPPORT,f,Uploads,
59,TAG_REVERT,f,Tagging,
493,NOBLES,f,General,
494,NAME,f,General,
495,OPTIONS,f,General,
496,INCOMINGS_NONE,f,Uploads,
497,INCOMINGS_UPLOAD_ERROR,f,Uploads,
498,UNIT_NOBLE_ALIASES,f,TribalWars,
499,UNIT_NOBLE,f,TribalWars,
60,CANCEL,f,General,
501,YOUR_SUPPORT_FROM,f,TribalWars,
61,TAG_DURATION_NOTICE,f,Tagging,
503,MAP_SETTINGS_HOVER_NUKES,f,Map,
504,TAGGING_TITLE,f,Tagging,
505,TAG_CODE_DISTANCE_DETAILS,f,Tagging,
506,PREVIEW,f,General,
507,COMMANDS_FROM_HERE,f,Tools,
62,NOT_A_NUMBER,f,General,
63,FAKE_DETECTION_CONFIRM,f,Tagging,
64,NO_INCOMINGS_SELECTED,f,Tagging,
10,BACKTIME_BB_CODE_HOVER,f,Tools,
11,BACKTIME_UPLOAD_DATA_REQUIRED,f,Tools,
65,TAGS_ARE_CURRENT,f,Tagging,
538,TIME_NUMERIC_DATE,t,Time,
539,MAP_HIGHLIGHT_ENEMY,f,Map,
531,TRANSLATION_NOT_SAVED,f,Translations,
532,TRANSLATION_DELETED,f,Translations,
528,TRANSLATION_DELETE,f,Translations,
529,TRANSLATION_DELETE_CONFIRM,f,Translations,
530,TRANSLATION_DELETE_DEFAULT,f,Translations,
534,TRANSLATION_DUPLICATE,f,Translations,
145,TAB_NOBLE_TARGETS,f,Tabs,
152,TAB_USELESS_STACKS,f,Tabs,
157,TAB_QUICK_SUPPORT,f,Tabs,
165,TAB_REQUEST_STACK,f,Tabs,
170,TAB_ADMIN,f,Tabs,
173,TAB_ENEMY_TRIBES,f,Tabs,
181,TAB_MANAGE_USERS,f,Tabs,
187,TAB_TRIBE_STATS,f,Tabs,
192,TAB_LOG,f,Tabs,
234,TAB_NOTIFICATIONS,f,Tabs,
275,TAB_STATS,f,Tabs,
282,TAB_ME,f,Tabs,
142,ACTIONS_STACKS_DESCRIPTION,f,Actions,
143,ACTIONS_STACKS_POSSIBLE_NUKES,f,Actions,
144,ACTIONS_STACKS_CURRENT_STRENGTH,f,Actions,
146,ACTIONS_NOBLE_TARGETS_NONE,f,Actions,
147,ACTIONS_NOBLE_TARGETS_DV_AGE,f,Actions,
148,ACTIONS_NOBLE_TARGETS_DESCRIPTION,f,Actions,
149,ACTIONS_NOBLE_TARGETS_STATIONED_DVS,f,Actions,
150,ACTIONS_NOBLE_TARGETS_DVS_SEEN_AT,f,Actions,
153,ACTIONS_USELESS_STACKS_NONE,f,Actions,
154,ACTIONS_USELESS_STACKS_DESCRIPTION,f,Actions,
156,ACTIONS_USELESS_STACKS_POP_COUNT,f,Actions,
172,ADMIN_REMOVE_ENEMY,f,Admin,
174,ERROR_LOADING_ENEMY_TRIBES,f,Admin,
175,ADMIN_NAME_OF_TRIBE,f,Admin,
176,ADMIN_TRIBE_NOT_FOUND,f,Admin,
177,ADMIN_TRIBE_ALREADY_EXISTS,f,Admin,
178,ADMIN_ENEMY_TRIBES,f,Admin,
179,ADMIN_ENEMY_TRIBES_DESCRIPTION,f,Admin,
180,ADMIN_ADD_ENEMY_TRIBE,f,Admin,
183,ADMIN_NEW_KEY,f,Admin,
184,ADMIN_NEW_VAULT_SCRIPT,f,Admin,
189,ADMIN_TRIBE_STATS_DESCRIPTION,f,Admin,
190,ADMIN_TRIBE_STATS_SETTINGS_NUKES,f,Admin,
193,ADMIN_USER_LOG,f,Admin,
197,ADMIN_MANAGE_USERS_ENTER_NAME,f,Admin,
199,ADMIN_MANAGE_USERS_GIVE_ADMIN,f,Admin,
200,ADMIN_MANAGE_USERS_REVOKE_ADMIN,f,Admin,
202,ADMIN_MANAGE_USERS_CONFIRM_DELETE,f,Admin,
203,ADMIN_MANAGE_USERS_CONFIRM_REMOVE_ADMIN,f,Admin,
204,ADMIN_MANAGE_USERS_CONFIRM_GIVE_ADMIN,f,Admin,
205,ADMIN_MANAGE_USERS_VAULT_SCRIPT_FOR,f,Admin,
211,ADMIN_TRIBE_STATS_TOTAL_POSSIBLE_NOBLES,f,Admin,
212,ADMIN_TRIBE_STATS_TOTAL_DVS,f,Admin,
213,ADMIN_TRIBE_STATS_TOTAL_INCS,f,Admin,
214,ADMIN_TRIBE_STATS_TOTAL_ATTACKS,f,Admin,
215,ADMIN_TRIBE_STATS_NEEDS_UPLOAD,f,Admin,
218,ADMIN_TRIBE_STATS_FULL_NUKES,f,Admin,
219,ADMIN_TRIBE_STATS_NUKES_TRAVELING,f,Admin,
221,ADMIN_TRIBE_STATS_OWNED_DVS,f,Admin,
222,ADMIN_TRIBE_STATS_DVS_HOME,f,Admin,
223,ADMIN_TRIBE_STATS_BACKLINE_DVS_HOME,f,Admin,
224,ADMIN_TRIBE_STATS_DVS_TRAVELING,f,Admin,
225,ADMIN_TRIBE_STATS_DVS_TO_SELF,f,Admin,
226,ADMIN_TRIBE_STATS_DVS_TO_OTHERS,f,Admin,
227,ADMIN_TRIBE_STATS_OFF_VILLAS,f,Admin,
228,ADMIN_TRIBE_STATS_DEF_VILLAS,f,Admin,
229,ADMIN_TRIBE_STATS_NUM_INCS,f,Admin,
230,ADMIN_TRIBE_STATS_NUM_ATTACKS,f,Admin,
231,ADMIN_TRIBE_STATS_DVS_TO_TRIBE,f,Admin,
188,WORKING,f,General,
201,GET_SCRIPT,f,General,
455,TIME_HOUR_SHORT,f,Time,
456,TIME_MINUTE_SHORT,f,Time,
457,TIME_SECOND_SHORT,f,Time,
458,TIME_DAY_PLURAL_SHORT,f,Time,
151,OWNER,f,General,
155,TRIBE,f,General,
163,SEARCH,f,General,
164,RESULTS,f,General,
171,DELETE,f,General,
182,KEYS,f,Admin,
185,USER_NAME,f,General,
194,ADMIN,f,Admin,
198,NO_TRIBE,f,General,
216,YES,f,General,
217,PLAYER,f,General,
158,NO_PLAYERS_FOUND,f,General,
186,CURRENT_TRIBE,f,General,
191,DOWNLOAD,f,General,
195,EVENT,f,General,
196,TIME,f,General,
241,SERVER_TIME,f,General,
243,MESSAGE,f,General,
244,ADD,f,General,
264,OPTIONAL,f,General,
268,SAVE,f,General,
283,STATS_LOAD_ERROR,f,Stats,
284,STATS_7_DAYS,f,Stats,
285,NUKES,f,General,
286,FANGS,f,General,
287,STATS_TRAVELING_LANDED,f,Stats,
288,DEFENSE,f,General,
220,POSSIBLE_NOBLES,f,General,
535,TRANSLATION_MAKING_COPY,f,Translations,
536,MAP_HOVER_NO_ARMY,f,Map,
294,TAB_HIGH_SCORES,f,Tabs,
297,TAB_SUPPORT,f,Tabs,
298,TAB_TERMS,f,Tabs,
537,MAP_HOVER_NO_BUILDINGS,f,Map,
452,TIME_ON_AT,f,Time,
453,TIME_DATE_FORMAT,f,Time,
454,TIME_DAY_SHORT,f,Time,
395,UNIT_RAM,f,TribalWars,
396,UNIT_RAM_ALIASES,f,TribalWars,
398,UNIT_CATAPULT_ALIASES,f,TribalWars,
399,UNIT_SPEAR,f,TribalWars,
400,UNIT_SPEAR_ALIASES,f,TribalWars,
401,UNIT_SWORD,f,TribalWars,
402,UNIT_SWORD_ALIASES,f,TribalWars,
403,UNIT_AXE,f,TribalWars,
404,UNIT_AXE_ALIASES,f,TribalWars,
405,UNIT_ARCHER,f,TribalWars,
406,UNIT_ARCHER_ALIASES,f,TribalWars,
407,UNIT_SPY,f,TribalWars,
408,UNIT_SPY_ALIASES,f,TribalWars,
409,UNIT_LIGHT_CAV,f,TribalWars,
410,UNIT_LIGHT_CAV_ALIASES,f,TribalWars,
289,STATS_NUM_DVS,f,Stats,
290,STATS_DVS_AT_HOME,f,Stats,
291,STATS_BACKLINE_DVS_AT_HOME,f,Stats,
292,STATS_DVS_TRAVELING,f,Stats,
293,SUPPORT,f,General,
295,RANKINGS_LOAD_ERROR,f,Stats,
296,RANKINGS,f,Stats,
299,TERMS_NOT_INNO,f,General,
300,TERMS_DETAILS,f,General,
303,DYNAMIC_FAKE_SCRIPTS,f,Tools,
314,BACKTIME_RESULTS,f,Tools,
321,BACKTIME_MIN_ATTACK_SIZE_1,f,Tools,
322,BACKTIME_MIN_ATTACK_SIZE_2,f,Tools,
323,BACKTIME_MAX_TRAVEL_TIME,f,Tools,
324,BACKTIME_MAX_NUM_TIMINGS,f,Tools,
325,BACKTIME_HIDE_HANDLED_NUKES,f,Tools,
326,BACKTIME_HIDE_STACKED_NUKES,f,Tools,
316,BACKTIME_WORKING,f,Tools,
318,BACKTIME_DESCRIPTION_1,f,Tools,
319,BACKTIME_DESCRIPTION_2,f,Tools,
320,BACKTIME_MIN_RETURNING_POPULATION,f,Tools,
304,PLAYERS,f,General,
305,TRIBES,f,General,
306,CONTINENTS,f,General,
451,TIME_ON,t,Time,Landing time for commands
310,FAKES_DIST_LABEL,f,Tools,
311,FAKES_DIST_FIELDS_FROM,f,Tools,
312,GET_COORDS,f,Tools,
307,FAKES_MIN_COORD,f,Tools,
308,FAKES_MAX_COORD,f,Tools,
333,WAITING,f,General,
334,UNEXPECTED_ERROR,f,General,
335,UPLOAD,f,General,
336,PROGRESS,f,General,
340,DETAILS,f,General,
342,REPORTS,f,General,
328,UPLOAD_DESCRIPTION_REPORTS,f,Uploads,
329,UPLOAD_DESCRIPTION_INCS,f,Uploads,
330,UPLOAD_DESCRIPTION_COMMANDS,f,Uploads,
331,UPLOAD_DESCRIPTION_TROOPS,f,Uploads,
332,UPLOAD_CACHE_CLEARED,f,Uploads,
341,UPLOAD_DESCRIPTION,f,Uploads,
348,UPLOAD_ALL,f,Uploads,
349,UPLOAD_CLEAR_CACHE,f,Uploads,
356,COMMANDS_COLLECTING_PAGES,f,Uploads,
360,COMMANDS_FINISHED,f,Uploads,
370,REPORTS_PAGES_PROGRESS,f,Uploads,
357,COMMANDS_NONE_NEW,f,Uploads,
358,COMMANDS_CHECK_UPLOADED,f,Uploads,
359,COMMANDS_UPLOADING,f,Uploads,
361,COMMANDS_CHECK_UPLOADED_FAILED,f,Uploads,
362,COMMANDS_SKIPPED_OLD,f,Uploads,
364,INCOMINGS_COLLECTING_PAGES,f,Uploads,
365,INCOMINGS_PROGRESS,f,Uploads,
366,INCOMINGS_UPLOADING,f,Uploads,
367,INCOMINGS_FINISHED,f,Uploads,
368,REPORTS_COLLECTING_PAGES,f,Uploads,
369,REPORTS_COLLECTING_LINKS,f,Uploads,
363,COMMANDS_PROGRESS,f,Uploads,
3,ARRIVAL_TIME,f,Time,
4,ARRIVES_IN,f,Time,
34,TAG_CODE_DETAILS,f,Tagging,
35,TAG_CODE_TROOP_NAME_DETAILS,f,Tagging,
36,TAG_CODE_TAG_TYPE_DETAILS,f,Tagging,
37,TAG_CODE_POP_PERCENT_DETAILS,f,Tagging,
38,TAG_CODE_POP_COUNT_DETAILS,f,Tagging,
39,TAG_CODE_POP_RETURN_PERCENT_DETAILS,f,Tagging,
40,TAG_CODE_POP_RETURN_COUNT_DETAILS,f,Tagging,
41,TAG_CODE_NUM_CATS_DETAILS,f,Tagging,
42,TAG_CODE_NUM_COMS_DETAILS,f,Tagging,
43,TAG_CODE_SRC_PLAYER_DETAILS,f,Tagging,
44,TAG_CODE_SRC_VILLAGE_DETAILS,f,Tagging,
463,ADMIN_LOG_ADDED_KEY_FOR,f,Admin,
45,TAG_CODE_TGT_PLAYER_DETAILS,f,Tagging,
46,TAG_CODE_TGT_VILLAGE_DETAILS,f,Tagging,
47,TAG_CODE_SRC_COORDS_DETAILS,f,Tagging,
48,TAG_CODE_TGT_COORDS_DETAILS,f,Tagging,
49,TAG_CODE_VILLAGE_TYPE_DETAILS,f,Tagging,
50,TAG_CODE_CUSTOM_LABEL_DETAILS,f,Tagging,
51,TAG_CFG_FORMAT,f,Tagging,
52,RESET,f,General,
53,TAG_CFG_ONLY_UNLABELED,f,Tagging,
54,TAG_CFG_AUTOTAG_FAKE_1,f,Tagging,
55,TAG_CFG_AUTOTAG_FAKE_2,f,Tagging,
56,TAG_CFG_IGNORE_NO_DATA,f,Tagging,
459,TIME_HOUR_PLURAL_SHORT,f,Time,
57,TAG_ALL,f,Tagging,
66,TAGGING_CANCELED,f,Tagging,
67,TAGGING_PROGRESS,f,Tagging,
68,TAG_STATE_RUNNING,f,Tagging,
69,TAG_STATE_FINISHED,f,Tagging,
70,TAG_STATE_CANCELED,f,Tagging,
71,UNKNOWN,f,General,
72,FAKES,f,General,
73,FAKE,f,General,
74,MAYBE_NUKE,f,Tagging,
75,MAP_USING_VAULT,f,Map,
76,MAP_HIGHLIGHT_ANY,f,Map,
77,MAP_HIGHLIGHT_NO,f,Map,
78,MAP_UPLOAD_DATA_REQUIRED,f,Map,
79,MAP_HOVER_CMD_FAKES,f,Map,
80,MAP_HOVER_CMD_NUKES,f,Map,
81,MAP_HOVER_CMD_NOBLES,f,Map,
82,MAP_HOVER_CMD_DVS,f,Map,
83,MAP_HOVER_CMD_NUM_PLAYERS,f,Map,
84,MAP_HOVER_ARMY_AT_HOME,f,Map,
85,MAP_HOVER_ARMY_STATIONED,f,Map,
86,MAP_HOVER_ARMY_TRAVELING,f,Map,
87,MAP_HOVER_ARMY_OWNED,f,Map,
88,MAP_HOVER_ARMY_POSSIBLE_RECRUIT,f,Map,
89,MAP_HOVER_NUKE_ESTIMATE,f,Map,
90,MAP_HOVER_SEEN_AT,f,Map,
91,MAP_HOVER_LATEST_LEVELS,f,Map,
92,MAP_HOVER_POSSIBLE_LEVELS,f,Map,
93,MAP_HOVER_LOYALTY,f,Map,
94,MAP_HOVER_LATEST_LOYALTY,f,Map,
95,MAP_HOVER_POSSIBLE_LOYALTY,f,Map,
96,MAP_SETTINGS_HOVER,f,Map,
97,MAP_SETTINGS_HOVER_COMMANDS,f,Map,
98,MAP_SETTINGS_HOVER_RECRUITS,f,Map,
99,MAP_SETTINGS_HOVER_BUILDINGS,f,Map,
100,MAP_SETTINGS_HOVER_LOYALTY,f,Map,
101,MAP_SETTINGS_OVERLAY,f,Map,
102,MAP_SETTINGS_OVERLAY_SHOW,f,Map,
460,TIME_MINUTE_PLURAL_SHORT,f,Time,
461,TIME_SECOND_PLURAL_SHORT,f,Time,
411,UNIT_M_ARCHER,f,TribalWars,
412,UNIT_M_ARCHER_ALIASES,f,TribalWars,
413,UNIT_HEAVY_CAV,f,TribalWars,
414,UNIT_HEAVY_CAV_ALIASES,f,TribalWars,
415,UNIT_PALADIN,f,TribalWars,
462,REQUEST_STATS,f,General,
488,NONE,f,General,
2,OPEN_VAULT,f,General,
5,REQUIRE_PREMIUM_ACCOUNT,f,General,
103,MAP_SETTINGS_OVERLAY_IGNORE_INTEL_1,f,Map,
104,MAP_SETTINGS_OVERLAY_IGNORE_INTEL_2,f,Map,
105,MAP_SETTINGS_OVERLAY_HIGHLIGHTS,f,Map,
106,MAP_SETTINGS_OVERLAY_HIGHLIGHTS_NONE,f,Map,
107,MAP_SETTINGS_OVERLAY_HIGHLIGHTS_HAS_GROUP,f,Map,
108,MAP_SETTINGS_OVERLAY_HIGHLIGHTS_HAS_INTEL,f,Map,
109,MAP_SETTINGS_OVERLAY_SHOW_NUKES,f,Map,
110,MAP_SETTINGS_OVERLAY_SHOW_NOBLES,f,Map,
111,MAP_SETTINGS_OVERLAY_SHOW_STACKS,f,Map,
114,MAP_SETTINGS_OVERLAY_RETURNING_1,f,Map,
115,MAP_SETTINGS_OVERLAY_RETURNING_2,f,Map,
116,MAP_SETTINGS_OVERLAY_WATCHTOWER,f,Map,
117,MAP_SETTINGS_OVERLAY_DV,f,Map,
118,MAP_SETTINGS_OVERLAY_STACK_1,f,Map,
119,MAP_SETTINGS_OVERLAY_STACK_2,f,Map,
120,MAP_SETTINGS_OVERLAY_TRIBE_1,f,Map,
121,MAP_SETTINGS_OVERLAY_TRIBE_2,f,Map,
122,TAB_SEND_RECAP,f,Tabs,
123,TAB_ACTIONS_ALERTS,f,Tabs,
124,ACTIONS_RECAPS_NONE,f,Actions,
125,ACTIONS_RECAPS_AGE,f,Actions,
126,ACTIONS_RECAPS_DESCRIPTION,f,Actions,
127,ACTIONS_RECAPS_ONLY_NEARBY,f,Actions,
128,VILLAGE,f,General,
129,LOYALTY,f,General,
130,ACTIONS_RECAPS_CAPTURED_AT,f,Actions,
131,ACTIONS_RECAPS_OLD_OWNER,f,Actions,
132,ACTIONS_RECAPS_NEW_OWNER,f,Actions,
133,TAB_SNIPES_NEEDED,f,Tabs,
416,UNIT_PALADIN_ALIASES,f,TribalWars,
112,MAP_SETTINGS_OVERLAY_SHOW_WALL,f,Map,
491,BACKTIME_HOURS,f,Tools,
510,TAB_ALERTS,f,Tabs,
513,TAB_HELP,f,Tabs,
514,TAB_TRANSLATIONS,f,Tabs,
515,TRANSLATION_LANGUAGE,f,Translations,
516,TRANSLATION_TRANSLATION,f,Translations,
517,TRANSLATION_SAVE_SETTINGS,f,Translations,
518,TRANSLATION_EDIT,f,Translations,
519,TRANSLATION_NEW,f,Translations,
520,TRANSLATION_SAVE_CHANGES,f,Translations,
521,TRANSLATION_AUTHOR,f,Translations,
522,TRANSLATION_EDIT_KEY,f,Translations,
523,TRANSLATION_EDIT_VALUE,f,Translations,
524,TRANSLATION_EDIT_SAMPLE,f,Translations,
525,TRANSLATION_EDIT_MISSING_PARAMS,f,Translations,
526,TRANSLATION_EDIT_NEEDS_EXACT,f,Translations,
527,TRANSLATION_SAVE_CHANGES_SUCCESS,f,Translations,
6,TERMS_AND_CONDITIONS,f,General,
7,RE_RUN_SCRIPT,f,General,
8,SCRIPT_NOT_RAN,f,General,
9,UPDATE_NOTICE,f,General,
12,UPLOAD_COMMANDS_REQUIRED,f,General,
13,UPLOAD_INCOMINGS_REQUIRED,f,General,
14,UPLOAD_REPORTS_REQUIRED,f,General,
15,UPLOAD_TROOPS_REQUIRED,f,General,
16,UPLOAD_DATA_REQUIRED_REASONS,f,General,
17,ERROR_OCCURRED,f,General,
18,NO_COMMANDS_AVAILABLE,f,Tools,
19,NO_DATA_AVAILABLE,f,Tools,
20,TROOPS,f,General,
21,SOURCE_VILLAGE,f,General,
22,LAUNCH_TIME,f,Time,
23,LANDING_TIME,f,Time,
24,TROOP_REQUIRED,f,General,
25,VAULT,f,General,
26,VAULT_INTERFACE_DESCRIPTION,f,General,
27,DONE,f,General,
28,UPLOADING_IF_CLOSED,f,Uploads,
29,INCS_NOT_TAGGED,f,Tagging,
30,TAG_UPLOAD_DATA_REQUIRED,f,Tagging,
31,FEATURE_IS_EXPERIMENTAL,f,Tagging,
32,UPLOAD_VISIBLE_INCOMINGS,f,Tagging,
33,TAG_CODE_HEADER,f,Tagging,
543,TARGET_VILLAGE,f,General,
544,FANGS_DEFINITION,f,Admin,
545,FANGS_TRAVELING,f,Admin,
546,ADMIN_TOTAL_FANGS,f,Admin,
547,SETTINGS,f,General,
548,REPORT_FOLDER_NONE_IGNORED,f,Uploads,
549,REPORT_FOLDER_DELETED,f,Uploads,
550,REPORT_FOLDER_IGNORE,f,Uploads,
551,REPORT_OPTIONS,f,Uploads,
552,REPORT_FOLDERS_IGNORED,f,Uploads,
553,REPORTS_UPLOAD_ALL_IGNORED,f,Uploads,
554,TIME_FULL_FORMAT,t,Time,
555,POINTS,f,General,
556,ACTIONS_NOBLE_TARGETS_MIN_POINTS,f,Actions,
541,REPORT_BUILDING_DAMAGE,t,Uploads,Report text when Catapults damage a building
540,REPORT_WALL_DAMAGE,t,Uploads,Report text when Rams damage Walls
512,BB_URL,t,TribalWars,"BB-code name for links, can leave blank"
511,BB_UNIT,t,TribalWars,"BB-code name for units, can leave blank"
450,TIME_TOMORROW_AT,t,Time,Landing time for commands that arrive tomorrow
449,TIME_TODAY_AT,t,Time,Landing time for commands that arrive today
448,ORDERED_MONTHS,t,Time,"Short names of months, in order (january, february, etc.) - used for report times, can leave blank if TW doesn''t use month names in your language"
438,BB_TABLE,t,TribalWars,"BB-code name for tables, can leave blank"
435,REPORT_LOYALTY_FROM_TO,t,Uploads,Loyalty change in a report containing noblemen
434,BUILDING_CHURCH,t,TribalWars,Name of the Church (matching the name seen in your Headquarters)
433,BUILDING_WATCHTOWER,t,TribalWars,Name of the Watchtower (matching the name seen in your Headquarters)
432,BUILDING_WALL,t,TribalWars,Name of the Wall (matching the name seen in your Headquarters)
431,BUILDING_HIDING_PLACE,t,TribalWars,Name of the Hiding Place (matching the name seen in your Headquarters)
430,BUILDING_WAREHOUSE,t,TribalWars,Name of the Warehouse (matching the name seen in your Headquarters)
429,BUILDING_FARM,t,TribalWars,Name of the Farm (matching the name seen in your Headquarters)
428,BUILDING_IRON_MINE,t,TribalWars,Name of the Iron Mine (matching the name seen in your Headquarters)
427,BUILDING_CLAY_PIT,t,TribalWars,Name of the Clay Pit (matching the name seen in your Headquarters)
426,BUILDING_TIMBER_CAMP,t,TribalWars,Name of the Timber Camp (matching the name seen in your Headquarters)
425,BUILDING_MARKET,t,TribalWars,Name of the Market (matching the name seen in your Headquarters)
424,BUILDING_STATUE,t,TribalWars,Name of the Paladin Statue (matching the name seen in your Headquarters)
423,BUILDING_RALLY_POINT,t,TribalWars,Name of the Rally Point (matching the name seen in your Headquarters)
422,BUILDING_SMITHY,t,TribalWars,Name of the Smithy (matching the name seen in your Headquarters)
421,BUILDING_ACADEMY,t,TribalWars,Name of the Academy (matching the name seen in your Headquarters)
420,BUILDING_WORKSHOP,t,TribalWars,Name of the Workshop (matching the name seen in your Headquarters)
419,BUILDING_STABLE,t,TribalWars,Name of the Stable (matching the name seen in your Headquarters)
418,BUILDING_BARRACKS,t,TribalWars,Name of the Barracks (matching the name seen in your Headquarters)
417,BUILDING_HQ,t,TribalWars,Name of the Headquarters (matching the name seen in your Headquarters)
389,TROOPS_NOBLES_NUM_VILLAGES,t,Uploads,Number of conquered villages seen in your Academy
388,TROOPS_NOBLES_LIMIT,t,Uploads,Total noblemen limit from your Academy
373,REPORTS_LOOT_ASSISTANT,t,Uploads,Name of the Loot Assistant report folder
559,TIME_EXTRA_FULL_FORMATS,t,Time,"List of full DateTime formats seen in Tribal Wars, each format should be on a different line. The Vault automatically tries combining EXTRA_TIME_FORMATS and EXTRA_DATE_FORMATS. Any weird/unexpected formats should go here containing both date AND time."
558,TIME_EXTRA_DATE_FORMATS,t,Time,"List of Date formats seen in Tribal Wars, each format should be on a different line. These are combined with TIME_EXTRA_TIME_FORMATS in both time-date and date-time order with a space in-between. Any format seen in reports, commands, or anywhere else in TW"
557,TIME_EXTRA_TIME_FORMATS,t,Time,"List of Time formats seen in Tribal Wars, each format should be on a different line. These are combined with TIME_EXTRA_DATE_FORMATS in both time-date and date-time order with a space in-between. Any format seen in reports, commands, or anywhere else in TW"
397,UNIT_CATAPULT,t,TribalWars,"Full name of the Catapult troop, seen when viewing a command listing the target building of your catapults"
