515,nl82,nl82.tribalwars.nl,33,f,f
517,esp9,esp9.guerrastribales.es,128,f,f
166,itp5,itp5.tribals.it,52,f,f
357,it64,it64.tribals.it,52,f,f
176,nlp9,nlp9.tribalwars.nl,33,f,f
358,esp8,esp8.guerrastribales.es,128,f,f
102,enp8,enp8.tribalwars.net,1,f,f
519,pt81,pt81.tribalwars.com.pt,32,f,f
352,ptp4,ptp4.tribalwars.com.pt,32,f,f
353,br106,br106.tribalwars.com.br,96,f,f
520,br109,br109.tribalwars.com.br,96,f,f
362,en119,en119.tribalwars.net,1,f,f
267,skp5,skp5.divoke-kmene.sk,120,f,f
521,gr73,gr73.fyletikesmaxes.gr,61,f,f
354,es67,es67.guerrastribales.es,128,f,f
158,grp5,grp5.fyletikesmaxes.gr,61,f,f
274,usp6,usp6.tribalwars.us,1,f,f
194,xs1,xs1.tribalwars.cash,1,f,f
356,nl79,nl79.tribalwars.nl,33,f,f
364,pt78,pt78.tribalwars.com.pt,32,f,f
209,enp9,enp9.tribalwars.net,1,f,f
369,usp7,usp7.tribalwars.us,1,f,f
205,en114,en114.tribalwars.net,1,f,f
283,esp7,esp7.guerrastribales.es,128,f,f
525,nlc1,nlc1.tribalwars.nl,33,f,f
526,itc1,itc1.tribals.it,52,f,f
301,en117,en117.tribalwars.net,1,f,f
290,brp5,brp5.tribalwars.com.br,96,f,f
303,pt76,pt76.tribalwars.com.pt,32,f,f
528,en122,en122.tribalwars.net,1,f,f
529,us55,us55.tribalwars.us,1,f,f
300,it62,it62.tribals.it,52,f,f
530,sk71,sk71.divoke-kmene.sk,120,f,f
313,enp10,enp10.tribalwars.net,1,f,f
312,nlp10,nlp10.tribalwars.nl,33,f,f
314,itp6,itp6.tribals.it,52,f,f
315,enc4,enc4.tribalwars.net,1,f,f
322,nl78,nl78.tribalwars.nl,33,f,f
531,ae68,ae68.tribalwars.ae,163,f,f
324,gr69,gr69.fyletikesmaxes.gr,61,f,f
325,sk67,sk67.divoke-kmene.sk,120,f,f
327,pt77,pt77.tribalwars.com.pt,32,f,f
328,es66,es66.guerrastribales.es,128,f,f
331,br105,br105.tribalwars.com.br,96,f,f
334,en118,en118.tribalwars.net,1,f,f
341,ptc1,ptc1.tribalwars.com.pt,32,f,f
342,esc1,esc1.guerrastribales.es,128,f,f
429,itp7,itp7.tribals.it,52,f,f
184,ae53,ae53.tribalwars.ae,163,f,f
185,ae41,ae41.tribalwars.ae,163,f,f
187,ae57,ae57.tribalwars.ae,163,f,f
238,aep6,aep6.tribalwars.ae,163,f,f
381,skp6,skp6.divoke-kmene.sk,120,f,f
388,it65,it65.tribals.it,52,f,f
389,gr71,gr71.fyletikesmaxes.gr,61,f,f
390,en120,en120.tribalwars.net,1,f,f
391,es68,es68.guerrastribales.es,128,f,f
392,nl80,nl80.tribalwars.nl,33,f,f
394,pt79,pt79.tribalwars.com.pt,32,f,f
395,br107,br107.tribalwars.com.br,96,f,f
347,aep7,aep7.tribalwars.ae,163,f,f
402,grp6,grp6.fyletikesmaxes.gr,61,f,f
399,sk69,sk69.divoke-kmene.sk,120,f,f
403,nlp11,nlp11.tribalwars.nl,33,f,f
404,ae66,ae66.tribalwars.ae,163,f,f
411,enp11,enp11.tribalwars.net,1,f,f
434,aec1,aec1.tribalwars.ae,163,f,f
466,sk70,sk70.divoke-kmene.sk,120,f,f
467,us54,us54.tribalwars.us,1,f,f
468,ae67,ae67.tribalwars.ae,163,f,f
445,nl81,nl81.tribalwars.nl,33,f,f
446,it66,it66.tribals.it,52,f,f
545,enc1,enc1.tribalwars.net,1,f,f
448,pt80,pt80.tribalwars.com.pt,32,f,f
450,br108,br108.tribalwars.com.br,96,f,f
452,en121,en121.tribalwars.net,1,f,f
453,es69,es69.guerrastribales.es,128,f,f
454,gr72,gr72.fyletikesmaxes.gr,61,f,f
455,zz3,zz3.tribalwars.works,1,f,f
549,ens1,ens1.tribalwars.net,1,f,f
551,brs1,brs1.tribalwars.com.br,96,f,f
552,brc1,brc1.tribalwars.com.br,96,f,f
479,zz2,zz2.tribalwars.works,1,f,f
553,brp6,brp6.tribalwars.com.br,96,f,f
558,es71,es71.guerrastribales.es,128,f,f
559,ess1,ess1.guerrastribales.es,128,f,f
560,its1,its1.tribals.it,52,f,f
561,it68,it68.tribals.it,52,f,f
562,en123,en123.tribalwars.net,1,f,f
563,pts1,pts1.tribalwars.com.pt,32,f,f
564,pt82,pt82.tribalwars.com.pt,32,f,f
565,br110,br110.tribalwars.com.br,96,f,f
566,sk72,sk72.divoke-kmene.sk,120,f,f
567,grs1,grs1.fyletikesmaxes.gr,61,f,f
568,gr74,gr74.fyletikesmaxes.gr,61,f,f
497,zz1,zz1.tribalwars.works,1,f,f
569,us56,us56.tribalwars.us,1,f,f
570,ae69,ae69.tribalwars.ae,163,f,f
571,aes1,aes1.tribalwars.ae,163,f,f
502,enc2,enc2.tribalwars.net,1,f,f
572,nls1,nls1.tribalwars.nl,33,f,f
507,it67,it67.tribals.it,52,f,f
509,es70,es70.guerrastribales.es,128,f,f
