358,t,t,t,t,t,t,20,35,1,1,1000,t,t,t,f,t,t,f,1,t,01:00:00,Europe/Madrid
369,t,t,t,t,f,t,20,35,1,1,1000,t,t,t,f,t,t,f,1,t,01:00:00,America/New_York
267,t,t,t,t,t,t,20,35,1,1,1000,t,t,t,t,t,t,f,1,t,01:00:00,Europe/Bratislava
158,t,t,t,t,t,t,20,35,1,1,1000,t,t,t,t,t,t,f,1,t,01:00:00,Europe/Athens
356,t,t,t,t,f,t,20,35,1,1,25,t,t,t,t,f,f,f,1,f,01:00:00,Europe/Amsterdam
354,t,t,t,t,f,t,20,35,1,1.2,70,t,t,t,f,t,t,f,1,f,01:00:00,Europe/Madrid
357,t,t,t,t,t,t,20,35,1,1.2,70,t,t,t,t,t,t,f,0.8,f,01:00:00,Europe/Berlin
102,t,t,t,t,f,t,20,35,1,1,1000,t,t,t,f,t,t,f,1,t,01:00:00,Europe/London
184,t,t,t,f,f,t,20,35,1,1.6,70,t,t,t,t,t,t,f,0.625,t,01:00:00,Asia/Dubai
194,t,t,t,t,t,f,20,35,1,1,70,t,t,t,t,t,t,f,1,t,01:00:00,Europe/London
362,t,t,f,t,f,t,20,35,1,1.8,150,t,t,t,f,f,f,f,0.55556,t,01:00:00,Europe/London
166,t,t,t,t,t,t,20,35,1,1,1000,t,t,t,t,t,t,f,1,t,01:00:00,Europe/Berlin
176,t,t,t,t,f,t,20,35,1,1,1000,t,t,t,t,t,t,f,1,t,01:00:00,Europe/Amsterdam
283,t,t,t,t,f,t,20,35,1,1,1000,t,t,t,f,t,t,f,1,t,01:00:00,Europe/Madrid
364,t,t,t,t,t,t,20,35,1,1,70,t,t,t,t,t,t,f,1,t,01:00:00,Europe/London
274,t,t,t,t,f,t,20,35,1,1,1000,t,t,t,f,t,t,f,1,t,01:00:00,America/New_York
185,t,t,f,t,f,t,20,35,1,1,1000,t,t,t,t,t,t,f,1,t,01:00:00,Asia/Dubai
187,t,t,f,t,f,t,20,35,1,2,70,t,t,t,t,t,t,f,0.5,t,01:00:00,Asia/Dubai
205,t,t,t,t,f,t,20,35,1,1.2,2000,t,t,t,t,t,t,f,0.8,t,01:00:00,Europe/London
209,t,t,t,t,t,t,20,35,1,1,1000,t,t,t,t,t,t,f,1,t,01:00:00,Europe/London
238,t,t,t,t,f,t,20,35,1,1,1000,t,t,t,t,t,t,f,1,t,01:00:00,Asia/Dubai
519,t,t,t,t,t,t,20,35,1,2,200,t,t,t,t,t,t,f,0.5,t,01:00:00,Europe/London
290,t,t,t,t,t,t,20,35,1,1,1000,t,t,t,t,t,t,f,1,t,01:00:00,America/Sao_Paulo
353,t,t,f,t,f,t,20,35,1,2,1000,t,t,t,t,t,t,f,1,t,01:00:00,America/Sao_Paulo
520,t,t,t,t,t,t,20,35,1,1.1,800,t,t,t,t,t,t,f,0.9,t,01:00:00,America/Sao_Paulo
325,t,t,t,t,f,t,20,35,1,1,70,t,t,t,t,t,t,f,1,f,01:00:00,Europe/Bratislava
300,t,t,t,t,t,t,20,35,1,1.2,70,t,t,t,t,t,t,f,0.8,t,01:00:00,Europe/Berlin
303,t,t,f,t,f,t,20,35,1,1.2,100,t,t,t,t,t,t,f,0.8,t,01:00:00,Europe/London
327,t,t,t,t,t,t,20,35,1,2,70,t,t,t,t,t,t,f,0.5,t,01:00:00,Europe/London
312,t,t,t,t,f,t,20,35,1,1,1000,t,t,t,t,t,t,f,1,t,01:00:00,Europe/Amsterdam
314,t,t,t,t,t,t,20,35,1,1,1000,t,t,t,t,t,t,f,1,t,01:00:00,Europe/Berlin
301,t,t,t,t,f,t,20,35,1,1.2,150,t,t,t,f,t,t,f,0.8,f,01:00:00,Europe/London
315,t,t,f,f,f,f,20,35,1,4,2000,t,t,f,t,f,f,f,0.375,f,01:00:00,Europe/London
313,t,t,t,t,f,t,20,35,1,1,1000,t,t,t,t,t,t,f,1,t,01:00:00,Europe/London
328,t,t,f,t,f,t,20,35,1,1.5,50,t,t,t,f,t,t,f,0.75,f,01:00:00,Europe/Madrid
331,t,t,f,t,f,t,20,35,1,1.5,100,t,t,t,t,t,t,f,0.75,t,01:00:00,America/Sao_Paulo
347,t,t,t,t,f,t,20,35,1,1,1000,t,t,t,t,t,t,f,1,t,01:00:00,Asia/Dubai
322,t,t,f,t,f,t,20,35,1,2,20,t,t,t,t,t,t,f,0.5,t,01:00:00,Europe/Amsterdam
334,t,t,t,t,f,t,20,35,1,2,150,t,t,t,t,t,t,f,0.5,f,01:00:00,Europe/London
324,t,t,t,t,f,t,20,35,1,1.2,70,t,t,t,t,t,t,f,0.8,f,01:00:00,Europe/Athens
341,t,t,f,t,t,f,20,35,1,5,70,t,t,f,t,f,f,f,0.5,f,01:00:00,Europe/London
342,t,t,f,t,f,f,20,35,1,3,70,t,t,f,f,t,f,f,0.75,f,01:00:00,Europe/Madrid
352,t,t,t,t,t,t,20,35,1,1,1000,t,t,t,t,t,t,f,1,t,01:00:00,Europe/London
525,t,t,f,f,f,f,20,35,1,5,25,t,t,f,t,t,f,f,0.4,f,01:00:00,Europe/Amsterdam
381,t,t,t,t,t,t,20,35,1,1,1000,t,t,t,t,t,t,f,1,t,01:00:00,Europe/Bratislava
388,t,t,t,t,f,t,20,35,1,1,1000,t,t,t,t,t,t,f,1,f,01:00:00,Europe/Berlin
394,t,t,t,t,f,t,20,35,1,2,70,t,t,t,t,t,t,f,0.5,t,01:00:00,Europe/London
395,t,t,t,t,t,t,20,35,1,1.6,2000,t,t,t,t,t,t,f,0.8,t,01:00:00,America/Sao_Paulo
399,t,t,f,t,t,t,20,35,1,1,70,t,t,t,t,t,t,f,1,f,01:00:00,Europe/Bratislava
402,t,t,t,t,t,t,20,35,1,1,1000,t,t,t,t,t,t,f,1,t,01:00:00,Europe/Athens
411,t,t,t,t,f,t,20,35,1,1,1000,t,t,t,t,t,t,f,1,t,01:00:00,Europe/London
429,t,t,t,t,t,t,20,35,1,1,1000,t,t,t,t,t,t,f,1,t,01:00:00,Europe/Berlin
526,t,t,t,f,f,f,20,35,1,5,2000,t,t,t,t,t,f,t,0.75,f,01:00:00,Europe/Berlin
530,t,t,t,t,f,t,20,35,1,1,70,t,t,t,t,t,f,f,1,t,01:00:00,Europe/Bratislava
517,t,t,t,t,t,t,20,35,1,1,1000,t,t,t,t,t,t,f,1,t,01:00:00,Europe/Madrid
509,t,t,t,t,f,t,20,35,1,2,70,t,t,t,f,t,t,f,1,f,01:00:00,Europe/Madrid
515,t,t,f,t,f,t,20,35,1,1,50,t,t,t,t,t,t,f,1,f,01:00:00,Europe/Amsterdam
521,t,t,t,t,t,t,20,35,1,1.6,70,t,t,t,t,t,t,f,0.625,f,01:00:00,Europe/Athens
528,t,t,t,t,f,t,20,35,1,2,100,t,t,t,f,t,t,f,0.5,f,01:00:00,Europe/London
529,t,t,f,t,f,t,20,35,1,1,50,t,t,t,f,t,f,f,1,f,01:00:00,America/New_York
531,t,t,f,t,f,t,20,35,1,2,70,t,t,t,t,t,t,f,0.5,t,01:00:00,Asia/Dubai
507,t,t,f,t,f,t,20,35,1,2,200,t,t,t,t,t,t,f,1,t,01:00:00,Europe/Berlin
434,t,t,f,t,f,f,20,35,1,4,70,t,t,f,t,t,t,f,0.5,t,01:00:00,Asia/Dubai
389,t,t,f,t,f,t,20,35,1,1,70,t,t,t,t,t,t,f,1,t,01:00:00,Europe/Athens
391,t,t,f,t,f,t,20,35,1,1.6,70,t,t,t,f,t,f,f,0.6,f,01:00:00,Europe/Madrid
392,t,t,t,t,f,t,20,35,1,1.5,20,t,t,t,t,t,t,f,0.6,f,01:00:00,Europe/Amsterdam
390,t,t,t,t,f,t,20,35,1,1.5,150,t,t,t,f,t,f,f,0.6667,f,01:00:00,Europe/London
404,t,t,f,t,f,t,20,35,1,1.6,70,t,t,t,t,t,t,f,0.625,t,01:00:00,Asia/Dubai
403,t,t,t,t,f,t,20,35,1,1,1000,t,t,t,t,t,t,f,1,t,01:00:00,Europe/Amsterdam
445,t,t,f,t,f,t,20,35,1,2,50,t,t,t,t,f,f,f,0.5,t,01:00:00,Europe/Amsterdam
448,t,t,f,t,f,t,20,35,1,1,1000,t,t,t,t,f,f,f,1,f,01:00:00,Europe/London
545,t,t,f,f,f,f,20,35,1,3,70,t,t,f,f,f,f,f,0.5,f,01:00:00,Europe/London
450,t,t,f,t,f,t,20,35,1,2,1000,t,t,t,t,t,t,f,1,t,01:00:00,America/Sao_Paulo
549,t,t,t,t,f,f,20,35,1,200,1000,t,t,f,f,t,f,f,0.7,f,01:00:00,Europe/London
551,t,f,t,t,f,f,20,35,1,400,2000,t,t,f,t,t,f,f,1,f,01:00:00,America/Sao_Paulo
552,t,t,t,t,f,f,20,35,1,4,1000,t,t,f,f,t,t,f,1,f,01:00:00,America/Sao_Paulo
553,t,t,t,t,t,t,20,35,1,1,1000,t,t,t,t,t,t,f,1,t,01:00:00,America/Sao_Paulo
466,t,t,t,t,f,t,20,35,1,2,70,t,t,t,t,t,t,f,0.5,f,01:00:00,Europe/Bratislava
558,t,t,f,t,f,f,20,35,1,2,50,t,t,t,f,t,f,f,1,f,01:00:00,Europe/Madrid
559,t,f,f,t,f,f,20,35,1,400,1000,t,t,f,f,t,f,f,0.7,f,01:00:00,Europe/Madrid
560,t,f,t,t,f,f,20,35,1,380,2000,t,t,f,f,f,f,f,0.7,f,01:00:00,Europe/Berlin
561,t,t,f,t,f,f,20,35,1,1.25,100,t,t,t,t,t,t,f,0.75,f,01:00:00,Europe/Berlin
562,t,t,f,t,f,f,20,35,1,1.6,150,t,t,t,f,t,f,f,0.625,t,01:00:00,Europe/London
563,t,f,f,t,f,f,20,35,1,350,50,t,t,f,t,f,f,f,0.6,f,01:00:00,Europe/London
564,t,t,t,t,f,f,20,35,1,1.25,200,t,t,t,t,t,t,f,0.8,t,01:00:00,Europe/London
565,t,t,t,t,f,f,20,35,1,1.8,200,t,t,t,t,t,t,f,1,f,01:00:00,America/Sao_Paulo
566,t,t,t,t,f,f,20,35,1,1.6,70,t,t,t,t,t,t,f,0.625,f,01:00:00,Europe/Bratislava
567,t,f,f,t,f,f,20,35,1,400,50,t,t,f,f,t,f,f,0.8,f,01:00:00,Europe/Athens
479,t,t,f,t,f,t,20,35,1,2,200,t,t,t,f,t,t,f,0.5,t,01:00:00,Europe/London
568,t,t,t,t,f,f,20,35,1,2,70,t,t,t,f,t,t,f,0.5,f,01:00:00,Europe/Athens
569,t,t,f,t,f,f,20,35,1,1.25,50,t,t,t,f,t,t,f,0.8,t,01:00:00,America/New_York
570,t,t,f,t,f,f,20,35,1,1.6,70,t,t,t,t,t,t,f,0.625,f,01:00:00,Asia/Dubai
571,t,f,f,t,f,f,20,35,1,400,10,t,t,f,f,t,f,f,0.5,f,01:00:00,Asia/Dubai
572,t,t,t,t,f,f,20,35,1,400,70,t,t,f,f,t,f,f,0.5,f,01:00:00,Europe/Amsterdam
502,t,t,t,t,f,f,20,35,1,3,50,t,t,f,f,t,t,f,0.5,t,01:00:00,Europe/London
446,t,t,f,t,f,t,20,35,1,1.25,1000,t,t,t,t,t,t,f,0.8,f,01:00:00,Europe/Berlin
453,t,t,f,t,f,t,20,35,1,1.25,50,t,t,t,f,t,t,f,0.8,f,01:00:00,Europe/Madrid
454,t,t,f,t,f,t,20,35,1,1.25,70,t,t,t,t,t,t,f,0.8,t,01:00:00,Europe/Athens
455,t,t,t,t,t,t,20,35,1,1,100,t,t,t,t,t,t,f,1,f,01:00:00,Europe/London
467,t,t,f,t,f,t,20,35,1,1.25,50,t,t,t,f,t,t,f,0.8,t,01:00:00,America/New_York
468,t,t,f,t,f,t,20,35,1,1.6,70,t,t,t,t,t,t,f,0.625,f,01:00:00,Asia/Dubai
452,t,t,f,t,t,t,20,35,1,1,200,t,t,t,t,t,f,f,1,f,01:00:00,Europe/London
497,t,t,f,t,f,t,20,35,1,1.6,100,t,t,t,f,t,t,f,0.625,t,01:00:00,Europe/London
